specimen_id,source,accession_or_record_id,license_or_terms,taxon,anatomical_structure,notes
129S1_SVIMJ,"SlicerMorph/Mouse_Models (GitHub; Zenodo 5816099)",na,na,Mus musculus,cranium,"strain listed in Mouse_Models repository"
129X1_SVJ,"SlicerMorph/Mouse_Models (GitHub; Zenodo 5816099)",na,na,Mus musculus,cranium,"strain listed in Mouse_Models repository"
AKR_J,"SlicerMorph/Mouse_Models (GitHub; Zenodo 5816099)",na,na,Mus musculus,cranium,"strain listed in Mouse_Models repository"
A_J,"SlicerMorph/Mouse_Models (GitHub; Zenodo 5816099)",na,na,Mus musculus,cranium,"strain listed in Mouse_Models repository"
B6129PF1,"SlicerMorph/Mouse_Models (GitHub; Zenodo 5816099)",na,na,Mus musculus,cranium,"strain listed in Mouse_Models repository"
B6129SF1,"SlicerMorph/Mouse_Models (GitHub; Zenodo 5816099)",na,na,Mus musculus,cranium,"strain listed in Mouse_Models repository"
B6AF1_J,"SlicerMorph/Mouse_Models (GitHub; Zenodo 5816099)",na,na,Mus musculus,cranium,"strain listed in Mouse_Models repository"
B6C3F1,"SlicerMorph/Mouse_Models (GitHub; Zenodo 5816099)",na,na,Mus musculus,cranium,"strain listed in Mouse_Models repository"
B6CBAF1,"SlicerMorph/Mouse_Models (GitHub; Zenodo 5816099)",na,na,Mus musculus,cranium,"strain listed in Mouse_Models repository"
B6D2F1_J,"SlicerMorph/Mouse_Models (GitHub; Zenodo 5816099)",na,na,Mus musculus,cranium,"strain listed in Mouse_Models repository"
B6FVBF1,"SlicerMorph/Mouse_Models (GitHub; Zenodo 5816099)",na,na,Mus musculus,cranium,"strain listed in Mouse_Models repository"
B6SJLF1,"SlicerMorph/Mouse_Models (GitHub; Zenodo 5816099)",na,na,Mus musculus,cranium,"strain listed in Mouse_Models repository"
BALB_CBYJ,"SlicerMorph/Mouse_Models (GitHub; Zenodo 5816099)",na,na,Mus musculus,cranium,"strain listed in Mouse_Models repository"
BALB_CJ,"SlicerMorph/Mouse_Models (GitHub; Zenodo 5816099)",na,na,Mus musculus,cranium,"strain listed in Mouse_Models repository"
BTBR_T_Itpr3tf_j,"SlicerMorph/Mouse_Models (GitHub; Zenodo 5816099)",na,na,Mus musculus,cranium,"strain listed in Mouse_Models repository"
BUB,"SlicerMorph/Mouse_Models (GitHub; Zenodo 5816099)",na,na,Mus musculus,cranium,"strain listed in Mouse_Models repository"
C3D2F1,"SlicerMorph/Mouse_Models (GitHub; Zenodo 5816099)",na,na,Mus musculus,cranium,"strain listed in Mouse_Models repository"
C3H_HEJ,"SlicerMorph/Mouse_Models (GitHub; Zenodo 5816099)",na,na,Mus musculus,cranium,"strain listed in Mouse_Models repository"
C3H_HEOUJ,"SlicerMorph/Mouse_Models (GitHub; Zenodo 5816099)",na,na,Mus musculus,cranium,"strain listed in Mouse_Models repository"
C3HeB,"SlicerMorph/Mouse_Models (GitHub; Zenodo 5816099)",na,na,Mus musculus,cranium,"strain listed in Mouse_Models repository"
C57BL6_J,"SlicerMorph/Mouse_Models (GitHub; Zenodo 5816099)",na,na,Mus musculus,cranium,"strain listed in Mouse_Models repository"
C57BLKS,"SlicerMorph/Mouse_Models (GitHub; Zenodo 5816099)",na,na,Mus musculus,cranium,"strain listed in Mouse_Models repository"
C57BL_10J,"SlicerMorph/Mouse_Models (GitHub; Zenodo 5816099)",na,na,Mus musculus,cranium,"strain listed in Mouse_Models repository"
C57BL_6NJ,"SlicerMorph/Mouse_Models (GitHub; Zenodo 5816099)",na,na,Mus musculus,cranium,"strain listed in Mouse_Models repository"
C57L_J,"SlicerMorph/Mouse_Models (GitHub; Zenodo 5816099)",na,na,Mus musculus,cranium,"strain listed in Mouse_Models repository"
CAF1_J,"SlicerMorph/Mouse_Models (GitHub; Zenodo 5816099)",na,na,Mus musculus,cranium,"strain listed in Mouse_Models repository"
CAST_EIJ,"SlicerMorph/Mouse_Models (GitHub; Zenodo 5816099)",na,na,Mus musculus,cranium,"strain listed in Mouse_Models repository"
CB6F1_J,"SlicerMorph/Mouse_Models (GitHub; Zenodo 5816099)",na,na,Mus musculus,cranium,"strain listed in Mouse_Models repository"
CBA_CAJ,"SlicerMorph/Mouse_Models (GitHub; Zenodo 5816099)",na,na,Mus musculus,cranium,"strain listed in Mouse_Models repository"
CBA_J,"SlicerMorph/Mouse_Models (GitHub; Zenodo 5816099)",na,na,Mus musculus,cranium,"strain listed in Mouse_Models repository"
CZECHII,"SlicerMorph/Mouse_Models (GitHub; Zenodo 5816099)",na,na,Mus musculus,cranium,"strain listed in Mouse_Models repository"
DBA_1J,"SlicerMorph/Mouse_Models (GitHub; Zenodo 5816099)",na,na,Mus musculus,cranium,"strain listed in Mouse_Models repository"
DBA_2J,"SlicerMorph/Mouse_Models (GitHub; Zenodo 5816099)",na,na,Mus musculus,cranium,"strain listed in Mouse_Models repository"
FVB_NJ,"SlicerMorph/Mouse_Models (GitHub; Zenodo 5816099)",na,na,Mus musculus,cranium,"strain listed in Mouse_Models repository"
I,"SlicerMorph/Mouse_Models (GitHub; Zenodo 5816099)",na,na,Mus musculus,cranium,"strain listed in Mouse_Models repository"
KK,"SlicerMorph/Mouse_Models (GitHub; Zenodo 5816099)",na,na,Mus musculus,cranium,"strain listed in Mouse_Models repository"
LEWES,"SlicerMorph/Mouse_Models (GitHub; Zenodo 5816099)",na,na,Mus musculus,cranium,"strain listed in Mouse_Models repository"
LG,"SlicerMorph/Mouse_Models (GitHub; Zenodo 5816099)",na,na,Mus musculus,cranium,"strain listed in Mouse_Models repository"
LP,"SlicerMorph/Mouse_Models (GitHub; Zenodo 5816099)",na,na,Mus musculus,cranium,"strain listed in Mouse_Models repository"
MOLF,"SlicerMorph/Mouse_Models (GitHub; Zenodo 5816099)",na,na,Mus musculus,cranium,"strain listed in Mouse_Models repository"
MOLG,"SlicerMorph/Mouse_Models (GitHub; Zenodo 5816099)",na,na,Mus musculus,cranium,"strain listed in Mouse_Models repository"
MRL_MPJ,"SlicerMorph/Mouse_Models (GitHub; Zenodo 5816099)",na,na,Mus musculus,cranium,"strain listed in Mouse_Models repository"
NOD_SHILTJ,"SlicerMorph/Mouse_Models (GitHub; Zenodo 5816099)",na,na,Mus musculus,cranium,"strain listed in Mouse_Models repository"
NOR,"SlicerMorph/Mouse_Models (GitHub; Zenodo 5816099)",na,na,Mus musculus,cranium,"strain listed in Mouse_Models repository"
NU_J,"SlicerMorph/Mouse_Models (GitHub; Zenodo 5816099)",na,na,Mus musculus,cranium,"strain listed in Mouse_Models repository"
NZB,"SlicerMorph/Mouse_Models (GitHub; Zenodo 5816099)",na,na,Mus musculus,cranium,"strain listed in Mouse_Models repository"
NZBWF1_J,"SlicerMorph/Mouse_Models (GitHub; Zenodo 5816099)",na,na,Mus musculus,cranium,"strain listed in Mouse_Models repository"
NZO,"SlicerMorph/Mouse_Models (GitHub; Zenodo 5816099)",na,na,Mus musculus,cranium,"strain listed in Mouse_Models repository"
NZW_LACJ,"SlicerMorph/Mouse_Models (GitHub; Zenodo 5816099)",na,na,Mus musculus,cranium,"strain listed in Mouse_Models repository"
PERC,"SlicerMorph/Mouse_Models (GitHub; Zenodo 5816099)",na,na,Mus musculus,cranium,"strain listed in Mouse_Models repository"
PL,"SlicerMorph/Mouse_Models (GitHub; Zenodo 5816099)",na,na,Mus musculus,cranium,"strain listed in Mouse_Models repository"
PWD,"SlicerMorph/Mouse_Models (GitHub; Zenodo 5816099)",na,na,Mus musculus,cranium,"strain listed in Mouse_Models repository"
PWK,"SlicerMorph/Mouse_Models (GitHub; Zenodo 5816099)",na,na,Mus musculus,cranium,"strain listed in Mouse_Models repository"
SF,"SlicerMorph/Mouse_Models (GitHub; Zenodo 5816099)",na,na,Mus musculus,cranium,"strain listed in Mouse_Models repository"
SJL_J,"SlicerMorph/Mouse_Models (GitHub; Zenodo 5816099)",na,na,Mus musculus,cranium,"strain listed in Mouse_Models repository"
SKIVE,"SlicerMorph/Mouse_Models (GitHub; Zenodo 5816099)",na,na,Mus musculus,cranium,"strain listed in Mouse_Models repository"
SM,"SlicerMorph/Mouse_Models (GitHub; Zenodo 5816099)",na,na,Mus musculus,cranium,"strain listed in Mouse_Models repository"
SPRET,"SlicerMorph/Mouse_Models (GitHub; Zenodo 5816099)",na,na,Mus musculus,cranium,"strain listed in Mouse_Models repository"
SWR,"SlicerMorph/Mouse_Models (GitHub; Zenodo 5816099)",na,na,Mus musculus,cranium,"strain listed in Mouse_Models repository"
TALLYHO_JNGJ,"SlicerMorph/Mouse_Models (GitHub; Zenodo 5816099)",na,na,Mus musculus,cranium,"strain listed in Mouse_Models repository"
WSB,"SlicerMorph/Mouse_Models (GitHub; Zenodo 5816099)",na,na,Mus musculus,cranium,"strain listed in Mouse_Models repository"
X129P3,"SlicerMorph/Mouse_Models (GitHub; Zenodo 5816099)",na,na,Mus musculus,cranium,"strain listed in Mouse_Models repository"
