specimen_id,source,accession_or_record_id,license_or_terms,taxon,anatomical_structure,notes,order,family,genus,species
A001,"Boyer et al. 2011 PNAS Supplementary Table 1 DOI:10.1073/pnas.1112822108","YPM 30440",na,"Adapis parisiensis","second mandibular molar","dataset A; unworn specimen",Euprimates,Adapidae,Adapis,"Adapis parisiensis"
A002,"Boyer et al. 2011 PNAS Supplementary Table 1 DOI:10.1073/pnas.1112822108","Qu 10966",na,"Adapis parisiensis","second mandibular molar","dataset A; unworn specimen",Euprimates,Adapidae,Adapis,"Adapis parisiensis"
A003,"Boyer et al. 2011 PNAS Supplementary Table 1 DOI:10.1073/pnas.1112822108","Q. I. 71",na,"Adapis parisiensis","second mandibular molar","dataset A; unworn specimen",Euprimates,Adapidae,Adapis,"Adapis parisiensis"
A004,"Boyer et al. 2011 PNAS Supplementary Table 1 DOI:10.1073/pnas.1112822108","Qu 11117",na,"Adapis parisiensis","second mandibular molar","dataset A; unworn specimen",Euprimates,Adapidae,Adapis,"Adapis parisiensis"
A005,"Boyer et al. 2011 PNAS Supplementary Table 1 DOI:10.1073/pnas.1112822108","PSS 7/20-8",na,"Altanius orlovi","second mandibular molar","dataset A; unworn specimen",Euprimates,"Incertae sedis",Altanius,"Altanius orlovi"
A006,"Boyer et al. 2011 PNAS Supplementary Table 1 DOI:10.1073/pnas.1112822108","PSS 20-58",na,"Altanius orlovi","second mandibular molar","dataset A; unworn specimen",Euprimates,"Incertae sedis",Altanius,"Altanius orlovi"
A007,"Boyer et al. 2011 PNAS Supplementary Table 1 DOI:10.1073/pnas.1112822108","MNHN Av 4854",na,"Donrussellia gallica","second mandibular molar","dataset A; unworn specimen",Euprimates,Cercamonaiidae,Donrussellia,"Donrussellia gallica"
A008,"Boyer et al. 2011 PNAS Supplementary Table 1 DOI:10.1073/pnas.1112822108","MNHN Av 7655",na,"Donrussellia gallica","second mandibular molar","dataset A; unworn specimen",Euprimates,Cercamonaiidae,Donrussellia,"Donrussellia gallica"
A009,"Boyer et al. 2011 PNAS Supplementary Table 1 DOI:10.1073/pnas.1112822108","MNHN Ri 170",na,"Donrussellia provincialis","second mandibular molar","dataset A; unworn specimen",Euprimates,Cercamonaiidae,Donrussellia,"Donrussellia provincialis"
A010,"Boyer et al. 2011 PNAS Supplementary Table 1 DOI:10.1073/pnas.1112822108","CAB 04-274",na,"Cantius torresi","second mandibular molar","dataset A; unworn specimen",Euprimates,Notharctidae,Cantius,"Cantius torresi"
A011,"Boyer et al. 2011 PNAS Supplementary Table 1 DOI:10.1073/pnas.1112822108","UM 101958",na,"Cantius torresi","second mandibular molar","dataset A; unworn specimen",Euprimates,Notharctidae,Cantius,"Cantius torresi"
A012,"Boyer et al. 2011 PNAS Supplementary Table 1 DOI:10.1073/pnas.1112822108","UM 101958",na,"Cantius torresi","second mandibular molar","dataset A; unworn specimen",Euprimates,Notharctidae,Cantius,"Cantius torresi"
A013,"Boyer et al. 2011 PNAS Supplementary Table 1 DOI:10.1073/pnas.1112822108","UM 87852",na,"Cantius torresi","second mandibular molar","dataset A; unworn specimen",Euprimates,Notharctidae,Cantius,"Cantius torresi"
A014,"Boyer et al. 2011 PNAS Supplementary Table 1 DOI:10.1073/pnas.1112822108","CL 457",na,"Teilhardina belgica","second mandibular molar","dataset A; unworn specimen",Euprimates,Omomyidae,Teilhardina,"Teilhardina belgica"
A015,"Boyer et al. 2011 PNAS Supplementary Table 1 DOI:10.1073/pnas.1112822108","CL 455",na,"Teilhardina belgica","second mandibular molar","dataset A; unworn specimen",Euprimates,Omomyidae,Teilhardina,"Teilhardina belgica"
A016,"Boyer et al. 2011 PNAS Supplementary Table 1 DOI:10.1073/pnas.1112822108","IRSNB 4291",na,"Teilhardina belgica","second mandibular molar","dataset A; unworn specimen",Euprimates,Omomyidae,Teilhardina,"Teilhardina belgica"
A017,"Boyer et al. 2011 PNAS Supplementary Table 1 DOI:10.1073/pnas.1112822108","IRSNB M65",na,"Teilhardina belgica","second mandibular molar","dataset A; unworn specimen",Euprimates,Omomyidae,Teilhardina,"Teilhardina belgica"
A018,"Boyer et al. 2011 PNAS Supplementary Table 1 DOI:10.1073/pnas.1112822108","IRSNB M64",na,"Teilhardina belgica","second mandibular molar","dataset A; unworn specimen",Euprimates,Omomyidae,Teilhardina,"Teilhardina belgica"
A019,"Boyer et al. 2011 PNAS Supplementary Table 1 DOI:10.1073/pnas.1112822108","WL 128",na,"Teilhardina belgica","second mandibular molar","dataset A; unworn specimen",Euprimates,Omomyidae,Teilhardina,"Teilhardina belgica"
A020,"Boyer et al. 2011 PNAS Supplementary Table 1 DOI:10.1073/pnas.1112822108","WL 159",na,"Teilhardina belgica","second mandibular molar","dataset A; unworn specimen",Euprimates,Omomyidae,Teilhardina,"Teilhardina belgica"
A021,"Boyer et al. 2011 PNAS Supplementary Table 1 DOI:10.1073/pnas.1112822108","IRSNB 4296",na,"Teilhardina belgica","second mandibular molar","dataset A; unworn specimen",Euprimates,Omomyidae,Teilhardina,"Teilhardina belgica"
A022,"Boyer et al. 2011 PNAS Supplementary Table 1 DOI:10.1073/pnas.1112822108","SB-14",na,"Megaladapis edwardsi","second mandibular molar","dataset A; unworn specimen",Euprimates,Megaladapidae,Megaladapis,"Megaladapis edwardsi"
A023,"Boyer et al. 2011 PNAS Supplementary Table 1 DOI:10.1073/pnas.1112822108","AMNH 100832",na,"Mirza coquereli","second mandibular molar","dataset A; unworn specimen",Euprimates,Cheirogaleiidae,Mirza,"Mirza coquereli"
A024,"Boyer et al. 2011 PNAS Supplementary Table 1 DOI:10.1073/pnas.1112822108","MCZ 45126",na,"Mirza coquereli","second mandibular molar","dataset A; unworn specimen",Euprimates,Cheirogaleiidae,Mirza,"Mirza coquereli"
A025,"Boyer et al. 2011 PNAS Supplementary Table 1 DOI:10.1073/pnas.1112822108","AMNH 100830",na,"Cheirogaleus major","second mandibular molar","dataset A; unworn specimen",Euprimates,Cheirogaleiidae,Cheirogaleus,"Cheirogaleus major"
A026,"Boyer et al. 2011 PNAS Supplementary Table 1 DOI:10.1073/pnas.1112822108","AMNH 80072",na,"Cheirogaleus major","second mandibular molar","dataset A; unworn specimen",Euprimates,Cheirogaleiidae,Cheirogaleus,"Cheirogaleus major"
A027,"Boyer et al. 2011 PNAS Supplementary Table 1 DOI:10.1073/pnas.1112822108","AMNH 100654",na,"Cheirogaleus medius","second mandibular molar","dataset A; unworn specimen",Euprimates,Cheirogaleiidae,Cheirogaleus,"Cheirogaleus medius"
A028,"Boyer et al. 2011 PNAS Supplementary Table 1 DOI:10.1073/pnas.1112822108","AMNH 174530",na,"Microcebus griseorufus","second mandibular molar","dataset A; unworn specimen",Euprimates,Cheirogaleiidae,Microcebus,"Microcebus griseorufus"
A029,"Boyer et al. 2011 PNAS Supplementary Table 1 DOI:10.1073/pnas.1112822108","AMNH 174533",na,"Microcebus griseorufus","second mandibular molar","dataset A; unworn specimen",Euprimates,Cheirogaleiidae,Microcebus,"Microcebus griseorufus"
A030,"Boyer et al. 2011 PNAS Supplementary Table 1 DOI:10.1073/pnas.1112822108","AMNH 174531",na,"Microcebus griseorufus","second mandibular molar","dataset A; unworn specimen",Euprimates,Cheirogaleiidae,Microcebus,"Microcebus griseorufus"
A031,"Boyer et al. 2011 PNAS Supplementary Table 1 DOI:10.1073/pnas.1112822108","AMNH 174489",na,"Microcebus griseorufus","second mandibular molar","dataset A; unworn specimen",Euprimates,Cheirogaleiidae,Microcebus,"Microcebus griseorufus"
A032,"Boyer et al. 2011 PNAS Supplementary Table 1 DOI:10.1073/pnas.1112822108","MCZ 44953",na,"Phaner furcifer","second mandibular molar","dataset A; unworn specimen",Euprimates,Cheirogaleiidae,Phaner,"Phaner furcifer"
A033,"Boyer et al. 2011 PNAS Supplementary Table 1 DOI:10.1073/pnas.1112822108","AMNH 100829",na,"Phaner furcifer","second mandibular molar","dataset A; unworn specimen",Euprimates,Cheirogaleiidae,Phaner,"Phaner furcifer"
A034,"Boyer et al. 2011 PNAS Supplementary Table 1 DOI:10.1073/pnas.1112822108","AMNH 119810",na,"Galago demidovii","second mandibular molar","dataset A; unworn specimen",Euprimates,Galagidae,Galago,"Galago demidovii"
A035,"Boyer et al. 2011 PNAS Supplementary Table 1 DOI:10.1073/pnas.1112822108","AMNH 241124",na,"Galago demidovii","second mandibular molar","dataset A; unworn specimen",Euprimates,Galagidae,Galago,"Galago demidovii"
A036,"Boyer et al. 2011 PNAS Supplementary Table 1 DOI:10.1073/pnas.1112822108","AMNH 239438",na,"Galago demidovii","second mandibular molar","dataset A; unworn specimen",Euprimates,Galagidae,Galago,"Galago demidovii"
A037,"Boyer et al. 2011 PNAS Supplementary Table 1 DOI:10.1073/pnas.1112822108","AMNH 241122",na,"Galago demidovii","second mandibular molar","dataset A; unworn specimen",Euprimates,Galagidae,Galago,"Galago demidovii"
A038,"Boyer et al. 2011 PNAS Supplementary Table 1 DOI:10.1073/pnas.1112822108","AMNH 187359",na,"Galago senegalensis","second mandibular molar","dataset A; unworn specimen",Euprimates,Galagidae,Galago,"Galago senegalensis"
A039,"Boyer et al. 2011 PNAS Supplementary Table 1 DOI:10.1073/pnas.1112822108","AMNH 187362",na,"Galago zanzibaricus","second mandibular molar","dataset A; unworn specimen",Euprimates,Galagidae,Galago,"Galago zanzibaricus"
A040,"Boyer et al. 2011 PNAS Supplementary Table 1 DOI:10.1073/pnas.1112822108","AMNH 187360",na,"Galago senegalensis","second mandibular molar","dataset A; unworn specimen",Euprimates,Galagidae,Galago,"Galago senegalensis"
A041,"Boyer et al. 2011 PNAS Supplementary Table 1 DOI:10.1073/pnas.1112822108","AMNH 236379",na,"Galago alleni","second mandibular molar","dataset A; unworn specimen",Euprimates,Galagidae,Galago,"Galago alleni"
A042,"Boyer et al. 2011 PNAS Supplementary Table 1 DOI:10.1073/pnas.1112822108","AMNH 241119",na,"Galago alleni","second mandibular molar","dataset A; unworn specimen",Euprimates,Galagidae,Galago,"Galago alleni"
A043,"Boyer et al. 2011 PNAS Supplementary Table 1 DOI:10.1073/pnas.1112822108","AMNH 100635",na,"Avahi laniger","second mandibular molar","dataset A; unworn specimen",Euprimates,Indridae,Avahi,"Avahi laniger"
A044,"Boyer et al. 2011 PNAS Supplementary Table 1 DOI:10.1073/pnas.1112822108","USNM 83650",na,"Avahi laniger","second mandibular molar","dataset A; unworn specimen",Euprimates,Indridae,Avahi,"Avahi laniger"
A045,"Boyer et al. 2011 PNAS Supplementary Table 1 DOI:10.1073/pnas.1112822108","USNM 83652",na,"Avahi laniger","second mandibular molar","dataset A; unworn specimen",Euprimates,Indridae,Avahi,"Avahi laniger"
A046,"Boyer et al. 2011 PNAS Supplementary Table 1 DOI:10.1073/pnas.1112822108","AMNH 16699",na,"Propithecus verreauxi","second mandibular molar","dataset A; unworn specimen",Euprimates,Indridae,Propithecus,"Propithecus verreauxi"
A047,"Boyer et al. 2011 PNAS Supplementary Table 1 DOI:10.1073/pnas.1112822108","AMNH 100827",na,"Propithecus verreauxi","second mandibular molar","dataset A; unworn specimen",Euprimates,Indridae,Propithecus,"Propithecus verreauxi"
A048,"Boyer et al. 2011 PNAS Supplementary Table 1 DOI:10.1073/pnas.1112822108","USNM 257397",na,"Propithecus verreauxi","second mandibular molar","dataset A; unworn specimen",Euprimates,Indridae,Propithecus,"Propithecus verreauxi"
A049,"Boyer et al. 2011 PNAS Supplementary Table 1 DOI:10.1073/pnas.1112822108","USNM 63349",na,"Propithecus verreauxi","second mandibular molar","dataset A; unworn specimen",Euprimates,Indridae,Propithecus,"Propithecus verreauxi"
A050,"Boyer et al. 2011 PNAS Supplementary Table 1 DOI:10.1073/pnas.1112822108","USNM 63351",na,"Propithecus diadema","second mandibular molar","dataset A; unworn specimen",Euprimates,Indridae,Propithecus,"Propithecus diadema"
A051,"Boyer et al. 2011 PNAS Supplementary Table 1 DOI:10.1073/pnas.1112822108","AMNH 100504",na,"Indri indri","second mandibular molar","dataset A; unworn specimen",Euprimates,Indridae,Indri,"Indri indri"
A052,"Boyer et al. 2011 PNAS Supplementary Table 1 DOI:10.1073/pnas.1112822108","AMNH 19159",na,"Eulemur fulvus","second mandibular molar","dataset A; unworn specimen",Euprimates,Lemuridae,Eulemur,"Eulemur fulvus"
A053,"Boyer et al. 2011 PNAS Supplementary Table 1 DOI:10.1073/pnas.1112822108","AMNH 18696",na,"Eulemur fulvus","second mandibular molar","dataset A; unworn specimen",Euprimates,Lemuridae,Eulemur,"Eulemur fulvus"
A054,"Boyer et al. 2011 PNAS Supplementary Table 1 DOI:10.1073/pnas.1112822108","USNM 063338",na,"Eulemur fulvus","second mandibular molar","dataset A; unworn specimen",Euprimates,Lemuridae,Eulemur,"Eulemur fulvus"
A055,"Boyer et al. 2011 PNAS Supplementary Table 1 DOI:10.1073/pnas.1112822108","USNM 063355",na,"Hapalemur griseus","second mandibular molar","dataset A; unworn specimen",Euprimates,Lemuridae,Hapalemur,"Hapalemur griseus"
A056,"Boyer et al. 2011 PNAS Supplementary Table 1 DOI:10.1073/pnas.1112822108","USNM 083668",na,"Hapalemur griseus","second mandibular molar","dataset A; unworn specimen",Euprimates,Lemuridae,Hapalemur,"Hapalemur griseus"
A057,"Boyer et al. 2011 PNAS Supplementary Table 1 DOI:10.1073/pnas.1112822108","BMNH 84.10.20.4",na,"Hapalemur simus","second mandibular molar","dataset A; unworn specimen",Euprimates,Lemuridae,Hapalemur,"Hapalemur simus"
A058,"Boyer et al. 2011 PNAS Supplementary Table 1 DOI:10.1073/pnas.1112822108","AMNH 100598",na,"Lemur catta","second mandibular molar","dataset A; unworn specimen",Euprimates,Lemuridae,Lemur,"Lemur catta"
A059,"Boyer et al. 2011 PNAS Supplementary Table 1 DOI:10.1073/pnas.1112822108","AMNH 100821",na,"Lemur catta","second mandibular molar","dataset A; unworn specimen",Euprimates,Lemuridae,Lemur,"Lemur catta"
A060,"Boyer et al. 2011 PNAS Supplementary Table 1 DOI:10.1073/pnas.1112822108","AMNH 170743",na,"Lemur catta","second mandibular molar","dataset A; unworn specimen",Euprimates,Lemuridae,Lemur,"Lemur catta"
A061,"Boyer et al. 2011 PNAS Supplementary Table 1 DOI:10.1073/pnas.1112822108","AMNH 170741",na,"Lemur catta","second mandibular molar","dataset A; unworn specimen",Euprimates,Lemuridae,Lemur,"Lemur catta"
A062,"Boyer et al. 2011 PNAS Supplementary Table 1 DOI:10.1073/pnas.1112822108","AMNH 100514",na,"Varecia variegata","second mandibular molar","dataset A; unworn specimen",Euprimates,Lemuridae,Varecia,"Varecia variegata"
A063,"Boyer et al. 2011 PNAS Supplementary Table 1 DOI:10.1073/pnas.1112822108","AMNH 245092",na,"Varecia variegata","second mandibular molar","dataset A; unworn specimen",Euprimates,Lemuridae,Varecia,"Varecia variegata"
A064,"Boyer et al. 2011 PNAS Supplementary Table 1 DOI:10.1073/pnas.1112822108","AMNH 18041",na,"Varecia variegata","second mandibular molar","dataset A; unworn specimen",Euprimates,Lemuridae,Varecia,"Varecia variegata"
A065,"Boyer et al. 2011 PNAS Supplementary Table 1 DOI:10.1073/pnas.1112822108","AMNH 17338",na,"Varecia variegata","second mandibular molar","dataset A; unworn specimen",Euprimates,Lemuridae,Varecia,"Varecia variegata"
A066,"Boyer et al. 2011 PNAS Supplementary Table 1 DOI:10.1073/pnas.1112822108","AMNH 100612",na,"Lepilemur mustelinus","second mandibular molar","dataset A; unworn specimen",Euprimates,Lepilemuridae,Lepilemur,"Lepilemur mustelinus"
A067,"Boyer et al. 2011 PNAS Supplementary Table 1 DOI:10.1073/pnas.1112822108","AMNH 100642",na,"Lepilemur mustelinus","second mandibular molar","dataset A; unworn specimen",Euprimates,Lepilemuridae,Lepilemur,"Lepilemur mustelinus"
A068,"Boyer et al. 2011 PNAS Supplementary Table 1 DOI:10.1073/pnas.1112822108","AMNH 170576",na,"Lepilemur mustelinus","second mandibular molar","dataset A; unworn specimen",Euprimates,Lepilemuridae,Lepilemur,"Lepilemur mustelinus"
A069,"Boyer et al. 2011 PNAS Supplementary Table 1 DOI:10.1073/pnas.1112822108","AMNH 170578",na,"Lepilemur mustelinus","second mandibular molar","dataset A; unworn specimen",Euprimates,Lepilemuridae,Lepilemur,"Lepilemur mustelinus"
A070,"Boyer et al. 2011 PNAS Supplementary Table 1 DOI:10.1073/pnas.1112822108","AMNH 207949",na,"Arctocebus calabarensis","second mandibular molar","dataset A; unworn specimen",Euprimates,Lorisidae,Arctocebus,"Arctocebus calabarensis"
A071,"Boyer et al. 2011 PNAS Supplementary Table 1 DOI:10.1073/pnas.1112822108","AMNH 212954",na,"Arctocebus calabarensis","second mandibular molar","dataset A; unworn specimen",Euprimates,Lorisidae,Arctocebus,"Arctocebus calabarensis"
A072,"Boyer et al. 2011 PNAS Supplementary Table 1 DOI:10.1073/pnas.1112822108","USNM 511930",na,"Arctocebus calabarensis","second mandibular molar","dataset A; unworn specimen",Euprimates,Lorisidae,Arctocebus,"Arctocebus calabarensis"
A073,"Boyer et al. 2011 PNAS Supplementary Table 1 DOI:10.1073/pnas.1112822108","MCZ 38316",na,"Arctocebus calabarensis","second mandibular molar","dataset A; unworn specimen",Euprimates,Lorisidae,Arctocebus,"Arctocebus calabarensis"
A074,"Boyer et al. 2011 PNAS Supplementary Table 1 DOI:10.1073/pnas.1112822108","AMNH 150062",na,"Loris tardigradus","second mandibular molar","dataset A; unworn specimen",Euprimates,Lorisidae,Loris,"Loris tardigradus"
A075,"Boyer et al. 2011 PNAS Supplementary Table 1 DOI:10.1073/pnas.1112822108","AMNH 240827",na,"Loris tardigradus","second mandibular molar","dataset A; unworn specimen",Euprimates,Lorisidae,Loris,"Loris tardigradus"
A076,"Boyer et al. 2011 PNAS Supplementary Table 1 DOI:10.1073/pnas.1112822108","AMNH 217303",na,"Loris tardigradus","second mandibular molar","dataset A; unworn specimen",Euprimates,Lorisidae,Loris,"Loris tardigradus"
A077,"Boyer et al. 2011 PNAS Supplementary Table 1 DOI:10.1073/pnas.1112822108","AMNH 87279",na,"Nycticebus bengalensis","second mandibular molar","dataset A; unworn specimen",Euprimates,Lorisidae,Nycticebus,"Nycticebus bengalensis"
A078,"Boyer et al. 2011 PNAS Supplementary Table 1 DOI:10.1073/pnas.1112822108","AMNH 101508",na,"Nycticebus javanicus","second mandibular molar","dataset A; unworn specimen",Euprimates,Lorisidae,Nycticebus,"Nycticebus javanicus"
A079,"Boyer et al. 2011 PNAS Supplementary Table 1 DOI:10.1073/pnas.1112822108","AMNH 106650",na,"Nycticebus coucang","second mandibular molar","dataset A; unworn specimen",Euprimates,Lorisidae,Nycticebus,"Nycticebus coucang"
A080,"Boyer et al. 2011 PNAS Supplementary Table 1 DOI:10.1073/pnas.1112822108","AMNH 269860",na,"Perodicticus potto","second mandibular molar","dataset A; unworn specimen",Euprimates,Lorisidae,Perodicticus,"Perodicticus potto"
A081,"Boyer et al. 2011 PNAS Supplementary Table 1 DOI:10.1073/pnas.1112822108","AMNH 31252",na,"Perodicticus potto","second mandibular molar","dataset A; unworn specimen",Euprimates,Lorisidae,Perodicticus,"Perodicticus potto"
A082,"Boyer et al. 2011 PNAS Supplementary Table 1 DOI:10.1073/pnas.1112822108","IVPP 11001.1",na,"Eosimias centennias","second mandibular molar","dataset A; unworn specimen",Euprimates,Eosimiidae,Eosimias,"Eosimias centennias"
A083,"Boyer et al. 2011 PNAS Supplementary Table 1 DOI:10.1073/pnas.1112822108","IVPP V10591",na,"Eosimias sinensis","second mandibular molar","dataset A; unworn specimen",Euprimates,Eosimiidae,Eosimias,"Eosimias sinensis"
A084,"Boyer et al. 2011 PNAS Supplementary Table 1 DOI:10.1073/pnas.1112822108","IVPP 11994",na,"Eosimias centennias","second mandibular molar","dataset A; unworn specimen",Euprimates,Eosimiidae,Eosimias,"Eosimias centennias"
A085,"Boyer et al. 2011 PNAS Supplementary Table 1 DOI:10.1073/pnas.1112822108","IVPP 11001.2",na,"Eosimias centennias","second mandibular molar","dataset A; unworn specimen",Euprimates,Eosimiidae,Eosimias,"Eosimias centennias"
A086,"Boyer et al. 2011 PNAS Supplementary Table 1 DOI:10.1073/pnas.1112822108","AMNH 109368",na,"Tarsius spectrum","second mandibular molar","dataset A; unworn specimen",Euprimates,Tarsiidae,Tarsius,"Tarsius spectrum"
A087,"Boyer et al. 2011 PNAS Supplementary Table 1 DOI:10.1073/pnas.1112822108","AMNH 109366",na,"Tarsius spectrum","second mandibular molar","dataset A; unworn specimen",Euprimates,Tarsiidae,Tarsius,"Tarsius spectrum"
A088,"Boyer et al. 2011 PNAS Supplementary Table 1 DOI:10.1073/pnas.1112822108","AMNH 196485",na,"Tarsius spectrum","second mandibular molar","dataset A; unworn specimen",Euprimates,Tarsiidae,Tarsius,"Tarsius spectrum"
A089,"Boyer et al. 2011 PNAS Supplementary Table 1 DOI:10.1073/pnas.1112822108","AMNH 106754",na,"Tarsius borneanus","second mandibular molar","dataset A; unworn specimen",Euprimates,Tarsiidae,Tarsius,"Tarsius borneanus"
A090,"Boyer et al. 2011 PNAS Supplementary Table 1 DOI:10.1073/pnas.1112822108","AMNH 106649",na,"Tarsius bancanus","second mandibular molar","dataset A; unworn specimen",Euprimates,Tarsiidae,Tarsius,"Tarsius bancanus"
A091,"Boyer et al. 2011 PNAS Supplementary Table 1 DOI:10.1073/pnas.1112822108","UALVP 43232",na,"Pronothodectes matthewi","second mandibular molar","dataset A; unworn specimen",Primates,Plesiadapidae,Pronothodectes,"Pronothodectes matthewi"
A092,"Boyer et al. 2011 PNAS Supplementary Table 1 DOI:10.1073/pnas.1112822108","UALVP 43276",na,"Pronothodectes matthewi","second mandibular molar","dataset A; unworn specimen",Primates,Plesiadapidae,Pronothodectes,"Pronothodectes matthewi"
A093,"Boyer et al. 2011 PNAS Supplementary Table 1 DOI:10.1073/pnas.1112822108","AMNH 35469",na,"Pronothodectes matthewi","second mandibular molar","dataset A; unworn specimen",Primates,Plesiadapidae,Pronothodectes,"Pronothodectes matthewi"
A094,"Boyer et al. 2011 PNAS Supplementary Table 1 DOI:10.1073/pnas.1112822108","AMNH 35462",na,"Pronothodectes matthewi","second mandibular molar","dataset A; unworn specimen",Primates,Plesiadapidae,Pronothodectes,"Pronothodectes matthewi"
A095,"Boyer et al. 2011 PNAS Supplementary Table 1 DOI:10.1073/pnas.1112822108","UMINN 1504",na,"Purgatorius unio","second mandibular molar","dataset A; unworn specimen",Primates,Purgatoriidae,Purgatorius,"Purgatorius unio"
A096,"Boyer et al. 2011 PNAS Supplementary Table 1 DOI:10.1073/pnas.1112822108","UCMP 107406",na,"Purgatorius unio","second mandibular molar","dataset A; unworn specimen",Primates,Purgatoriidae,Purgatorius,"Purgatorius unio"
A097,"Boyer et al. 2011 PNAS Supplementary Table 1 DOI:10.1073/pnas.1112822108","UM 90198",na,"Purgatorius titusi","second mandibular molar","dataset A; unworn specimen",Primates,Purgatoriidae,Purgatorius,"Purgatorius titusi"
A098,"Boyer et al. 2011 PNAS Supplementary Table 1 DOI:10.1073/pnas.1112822108","UM 90197",na,"Purgatorius titusi","second mandibular molar","dataset A; unworn specimen",Primates,Purgatoriidae,Purgatorius,"Purgatorius titusi"
A099,"Boyer et al. 2011 PNAS Supplementary Table 1 DOI:10.1073/pnas.1112822108","X",na,"Chronolestes simul","second mandibular molar","dataset A; unworn specimen",Primates,Chronolestidae,Chronolestes,"Chronolestes simul"
A100,"Boyer et al. 2011 PNAS Supplementary Table 1 DOI:10.1073/pnas.1112822108","UALVP db194",na,"Elphidotarsius russelli","second mandibular molar","dataset A; unworn specimen",Primates,Carpolestidae,Elphidotarsius,"Elphidotarsius russelli"
A101,"Boyer et al. 2011 PNAS Supplementary Table 1 DOI:10.1073/pnas.1112822108","USNM 9545",na,"Paromomys maturus","second mandibular molar","dataset A; unworn specimen",Primates,Paromomyidae,Paromomys,"Paromomys maturus"
A102,"Boyer et al. 2011 PNAS Supplementary Table 1 DOI:10.1073/pnas.1112822108","PU 14270",na,"Plesiolestes problematicus","second mandibular molar","dataset A; unworn specimen",Primates,Palaechthonidae,Plesiolestes,"Plesiolestes problematicus"
A103,"Boyer et al. 2011 PNAS Supplementary Table 1 DOI:10.1073/pnas.1112822108","UALVP 39498",na,"Saxonella naylori","second mandibular molar","dataset A; unworn specimen",Primates,Saxonellidae,Saxonella,"Saxonella naylori"
A104,"Boyer et al. 2011 PNAS Supplementary Table 1 DOI:10.1073/pnas.1112822108","AMNH 120449",na,"Cynocephalus volans","second mandibular molar","dataset A; unworn specimen",Dermoptera,Cynocephalidae,Cynocephalus,"Cynocephalus volans"
A105,"Boyer et al. 2011 PNAS Supplementary Table 1 DOI:10.1073/pnas.1112822108","AMNH 107136",na,"Cynocephalus variegatus","second mandibular molar","dataset A; unworn specimen",Dermoptera,Cynocephalidae,Cynocephalus,"Cynocephalus variegatus"
A106,"Boyer et al. 2011 PNAS Supplementary Table 1 DOI:10.1073/pnas.1112822108","AMNH 203258",na,"Cynocephalus volans","second mandibular molar","dataset A; unworn specimen",Dermoptera,Cynocephalidae,Cynocephalus,"Cynocephalus volans"
A107,"Boyer et al. 2011 PNAS Supplementary Table 1 DOI:10.1073/pnas.1112822108","AMNH 24958",na,"Cynocephalus volans","second mandibular molar","dataset A; unworn specimen",Dermoptera,Cynocephalidae,Cynocephalus,"Cynocephalus volans"
A108,"Boyer et al. 2011 PNAS Supplementary Table 1 DOI:10.1073/pnas.1112822108","UMMZ 113339",na,"Tupaia montana","second mandibular molar","dataset A; unworn specimen",Scandentia,Tupaiidae,Tupaia,"Tupaia montana"
A109,"Boyer et al. 2011 PNAS Supplementary Table 1 DOI:10.1073/pnas.1112822108","UMMZ 123395",na,"Tupaia glis","second mandibular molar","dataset A; unworn specimen",Scandentia,Tupaiidae,Tupaia,"Tupaia glis"
A110,"Boyer et al. 2011 PNAS Supplementary Table 1 DOI:10.1073/pnas.1112822108","UMMZ 58984",na,"Tupaia glis","second mandibular molar","dataset A; unworn specimen",Scandentia,Tupaiidae,Tupaia,"Tupaia glis"
A111,"Boyer et al. 2011 PNAS Supplementary Table 1 DOI:10.1073/pnas.1112822108","Dummont specimen",na,"Tupaia glis","second mandibular molar","dataset A; unworn specimen",Scandentia,Tupaiidae,Tupaia,"Tupaia glis"
A112,"Boyer et al. 2011 PNAS Supplementary Table 1 DOI:10.1073/pnas.1112822108","USNM 488055",na,"Ptilocercus lowii","second mandibular molar","dataset A; unworn specimen",Scandentia,Ptilocercidae,Ptilocercus,"Ptilocercus lowii"
A113,"Boyer et al. 2011 PNAS Supplementary Table 1 DOI:10.1073/pnas.1112822108","USNM 488059",na,"Ptilocercus lowii","second mandibular molar","dataset A; unworn specimen",Scandentia,Ptilocercidae,Ptilocercus,"Ptilocercus lowii"
A114,"Boyer et al. 2011 PNAS Supplementary Table 1 DOI:10.1073/pnas.1112822108","CCM 71-8",na,"Leptacodon sp.","second mandibular molar","dataset A; unworn specimen",Incertae_sedis,Nyctitheriidae,Leptacodon,"Leptacodon sp."
A115,"Boyer et al. 2011 PNAS Supplementary Table 1 DOI:10.1073/pnas.1112822108","CCM 71-6",na,"Leptacodon sp.","second mandibular molar","dataset A; unworn specimen",Incertae_sedis,Nyctitheriidae,Leptacodon,"Leptacodon sp."
A116,"Boyer et al. 2011 PNAS Supplementary Table 1 DOI:10.1073/pnas.1112822108","CCM 73-31",na,"Leptacodon sp.","second mandibular molar","dataset A; unworn specimen",Incertae_sedis,Nyctitheriidae,Leptacodon,"Leptacodon sp."
